买入日,代码,名称,买入价,卖出日,卖出价,收益%,持仓天数
20190311,002391,长青股份,7.95,20190416,8.53,7.2%,36
20190402,600570,恒生电子,30.30,20190410,28.67,-5.4%,8
20190402,603313,梦百合,18.85,20190410,16.79,-10.9%,8
20190418,002139,拓邦股份,6.10,20190430,5.82,-4.6%,12
20190426,002695,煌上煌,13.51,20190510,12.41,-8.1%,14
20190429,300146,汤臣倍健,18.37,20190527,16.78,-8.7%,28
20190430,600332,白云山,39.23,20190524,34.33,-12.5%,24
20190430,600287,苏豪时尚,6.55,20190510,6.99,6.7%,10
20190430,300475,香农芯创,5.09,20190610,5.71,12.1%,41
20190430,603508,思维列控,19.17,20190524,24.81,29.4%,24
20190430,002020,京新药业,7.57,20190529,7.83,3.4%,29
20190506,600587,新华医疗,11.00,20190510,11.47,4.2%,4
20190801,300363,博腾股份,8.50,20191025,11.36,33.7%,85
20190806,300552,万集科技,17.25,20190823,20.13,16.8%,17
20190812,002351,漫步者,2.47,20191206,12.69,413.4%,116
20190812,603658,安图生物,51.85,20190912,57.70,11.3%,31
20190814,603127,昭衍新药,15.21,20190912,14.80,-2.7%,29
20190815,300612,宣亚国际,19.95,20190816,18.71,-6.2%,1
20190819,600600,青岛啤酒,42.60,20190912,41.30,-3.1%,24
20190819,603050,科林电气,3.63,20191101,3.47,-4.5%,74
20190820,600862,中航高科,8.47,20190918,9.20,8.6%,29
20190823,600511,国药股份,23.87,20190924,22.79,-4.5%,32
20190828,002019,亿帆医药,12.84,20200320,15.90,23.8%,205
20190828,600510,黑牡丹,4.90,20191021,5.31,8.4%,54
20190828,601360,三六零,20.01,20190927,23.12,15.5%,30
20190828,002714,牧原股份,28.17,20190906,26.96,-4.3%,9
20190829,002705,新宝股份,8.61,20190904,9.29,7.9%,6
20190829,002649,博彦科技,7.86,20191021,7.56,-3.8%,53
20190829,300559,佳发教育,15.10,20190905,16.54,9.5%,7
20190829,603590,康辰药业,37.27,20191101,33.22,-10.9%,64
20190829,600589,大位科技,4.01,20190927,4.16,3.5%,29
20190830,600207,安彩高科,4.90,20190918,5.22,6.5%,19
20190903,600521,华海药业,14.36,20190918,12.12,-15.6%,15
20191011,002913,奥士康,26.05,20191125,22.88,-12.2%,45
20191021,600876,凯盛新能,12.00,20191025,12.50,4.2%,4
20191022,002124,天邦食品,10.14,20191112,9.42,-7.1%,21
20191024,002891,中宠股份,13.62,20200122,15.66,15.0%,90
20191025,002733,雄韬股份,20.31,20200204,20.85,2.7%,102
20191028,000910,大亚圣象,9.96,20200204,10.93,9.7%,99
20191029,300166,东方国信,13.50,20191101,12.41,-8.1%,3
20191029,002649,博彦科技,9.15,20191101,8.51,-7.0%,3
20191029,002044,美年健康,14.87,20200204,13.32,-10.4%,98
20191029,300448,浩云科技,7.73,20191101,7.00,-9.5%,3
20191029,300042,朗科科技,19.20,20191101,16.98,-11.6%,3
20191029,002100,天康生物,10.86,20191112,12.24,12.7%,14
20191029,002416,爱施德,3.43,20191101,3.17,-7.6%,3
20191030,603520,司太立,21.85,20191112,17.92,-18.0%,13
20191030,300052,中青宝,15.28,20191101,13.76,-10.0%,2
20191031,300363,博腾股份,12.40,20191112,11.36,-8.4%,12
20191031,000591,太阳能,2.64,20200117,2.87,8.7%,78
20191101,603259,药明康德,49.68,20191202,46.15,-7.1%,31
20200120,300617,安靠智电,22.18,20200204,23.86,7.6%,15
20200324,300765,石药创新,6.64,20200414,8.40,26.6%,21
20200401,300327,中颖电子,20.36,20200525,24.01,17.9%,54
20200401,300187,永清环保,4.70,20200417,5.04,7.2%,16
20200403,002049,紫光国微,38.90,20200529,47.95,23.3%,56
20200413,600683,京投发展,3.80,20200416,3.53,-7.1%,3
20200416,603489,八方股份,35.35,20220310,78.76,122.8%,693
20200420,300248,新开普,11.75,20200518,10.72,-8.8%,28
20200420,000799,酒鬼酒,27.16,20201230,149.09,448.9%,254
20200423,688278,特宝生物,34.45,20200528,36.63,6.3%,35
20200424,603088,宁波精达,2.32,20200513,2.71,16.8%,19
20200424,603797,联泰环保,7.47,20200427,6.96,-6.8%,3
20200424,600777,新潮能源,1.92,20200427,1.79,-6.8%,3
20200427,002568,百润股份,15.89,20200602,19.14,20.4%,36
20200428,603810,丰山集团,16.41,20200908,23.07,40.6%,133
20200429,600809,山西汾酒,61.02,20210218,310.02,408.1%,295
20200429,600211,西藏药业,14.45,20200727,79.80,452.3%,89
20200429,603005,晶方科技,34.31,20200518,37.33,8.8%,19
20200430,300476,胜宏科技,19.26,20200717,19.69,2.2%,78
20200506,002897,意华股份,30.25,20200717,33.91,12.1%,72
20200506,002906,华阳集团,11.15,20200525,10.26,-8.0%,19
20200506,600195,中牧股份,11.24,20200911,16.10,43.2%,128
20200506,603730,岱美股份,4.02,20200525,3.65,-9.3%,19
20200507,002314,南山控股,2.83,20200525,2.62,-7.4%,18
20200721,688002,睿创微纳,66.71,20200821,80.92,21.3%,31
20200723,002298,中电鑫龙,10.28,20200727,10.44,1.6%,4
20200729,300386,飞天诚信,22.97,20200805,26.38,14.9%,7
20200730,603118,共进股份,12.62,20200827,12.77,1.2%,28
20200730,688396,华润微,55.11,20200813,51.48,-6.6%,14
20200731,300146,汤臣倍健,21.00,20200827,20.28,-3.4%,27
20200731,600594,益佰制药,7.20,20200810,6.89,-4.3%,10
20200803,600885,宏发股份,20.57,20200817,22.86,11.1%,14
20200804,002706,良信股份,18.55,20200908,15.94,-14.1%,35
20200804,300638,广和通,23.81,20200817,22.93,-3.7%,13
20200805,300231,银信科技,9.37,20200911,9.50,1.4%,37
20200805,002847,盐津铺子,49.04,20200813,53.91,9.9%,8
20200810,603359,*ST东珠,15.84,20200813,14.09,-11.1%,3
20200811,002649,博彦科技,9.29,20200908,9.55,2.8%,28
20200814,688357,建龙微纳,35.22,20200827,38.07,8.1%,13
20200814,002662,峰璟股份,4.27,20200824,4.41,3.3%,10
20200817,688096,京源环保,13.75,20200821,13.03,-5.2%,4
20200818,600132,重庆啤酒,64.10,20200908,73.32,14.4%,21
20200818,603027,千禾味业,19.83,20200908,18.68,-5.8%,21
20200818,300531,优博讯,23.83,20200911,21.09,-11.5%,24
20200818,603416,信捷电气,69.61,20200911,70.14,0.8%,24
20200819,600770,综艺股份,7.20,20200827,6.61,-8.2%,8
20200819,300377,赢时胜,9.98,20200911,9.92,-0.6%,23
20200819,300624,万兴科技,52.70,20200911,47.66,-9.6%,23
20200824,002027,分众传媒,5.42,20200911,5.59,3.1%,18
20200824,002430,杭氧股份,16.59,20200908,18.40,10.9%,15
20200824,002507,涪陵榨菜,34.22,20200908,32.91,-3.8%,15
20200825,688022,ST瀚川,30.30,20200908,27.71,-8.6%,14
20200825,002179,中航光电,23.30,20200908,22.94,-1.6%,14
20200825,600729,重百集团,24.15,20200827,22.35,-7.5%,2
20200825,000823,超声电子,13.41,20200827,12.79,-4.6%,2
20200826,002677,浙江美大,17.06,20200908,17.27,1.2%,13
20200826,002429,兆驰股份,7.45,20200827,6.92,-7.1%,1
20200826,002327,富安娜,4.66,20200827,4.32,-7.3%,1
20200827,002352,顺丰控股,75.94,20200908,76.05,0.1%,12
20200828,002055,ST得润,19.40,20200908,18.07,-6.9%,11
20200831,002595,豪迈科技,14.14,20200918,16.07,13.7%,18
20200831,603639,海利尔,14.79,20200908,13.54,-8.5%,8
20200831,600926,杭州银行,9.87,20200929,8.95,-9.3%,29
20200831,002332,仙琚制药,14.62,20201105,13.25,-9.4%,66
20200831,600887,伊利股份,34.88,20200929,31.67,-9.2%,29
20200901,600177,雅戈尔,4.76,20200908,4.34,-8.8%,7
20200901,002572,索菲亚,22.42,20200908,22.40,-0.1%,7
20200901,600563,法拉电子,54.00,20200908,57.40,6.3%,7
20200901,002408,齐翔腾达,5.80,20200915,5.80,0.0%,14
20200901,600501,航天晨光,12.56,20200908,11.29,-10.1%,7
20200901,601965,中国汽研,11.99,20200908,11.02,-8.1%,7
20200901,600764,中国海防,39.75,20200908,39.23,-1.3%,7
20201021,002434,万里扬,10.42,20201103,10.56,1.3%,13
20201022,300726,宏达电子,44.15,20201116,39.74,-10.0%,25
20201022,600976,健民集团,23.83,20201027,20.39,-14.4%,5
20201026,603041,美思德,14.41,20201127,15.25,5.8%,32
20201028,300578,会畅科技,41.91,20201116,45.74,9.1%,19
20201029,688036,传音控股,63.17,20201217,79.59,26.0%,49
20201029,601168,西部矿业,5.87,20210201,9.18,56.4%,95
20201029,600699,均胜电子,22.94,20201126,23.86,4.0%,28
20201029,603826,坤彩科技,25.94,20201210,28.49,9.9%,42
20201029,603392,万泰生物,66.39,20201118,63.14,-4.9%,20
20201029,603605,珀莱雅,83.40,20201126,76.02,-8.9%,28
20201029,603816,顾家家居,48.97,20201126,54.42,11.1%,28
20201029,603886,元祖股份,12.35,20201210,11.59,-6.2%,42
20201029,300842,帝科股份,47.00,20201116,49.61,5.6%,18
20201030,601636,旗滨集团,7.36,20201204,9.67,31.4%,35
20201030,002508,老板电器,33.03,20201126,36.35,10.1%,27
20201030,002372,伟星新材,15.13,20201201,15.79,4.4%,32
20201030,603010,万盛股份,15.87,20201118,15.26,-3.8%,19
20201102,300378,鼎捷数智,25.29,20201126,28.13,11.2%,24
20201102,600658,电子城,5.56,20201118,5.41,-2.7%,16
20201103,300124,汇川技术,50.22,20201223,56.75,13.0%,50
20210204,600885,宏发股份,30.45,20210218,28.93,-5.0%,14
20210303,688021,奥福科技,54.22,20210330,56.72,4.6%,27
20210319,603712,七一二,35.98,20210326,32.72,-9.1%,7
20210323,603919,金徽酒,27.83,20210401,32.13,15.5%,9
20210323,601456,国联民生,14.37,20210329,15.38,7.0%,6
20210323,002925,盈趣科技,32.53,20210617,38.02,16.9%,86
20210329,600173,卧龙新能,4.45,20210609,5.60,25.8%,72
20210330,600012,皖通高速,4.50,20210414,4.82,7.1%,15
20210330,000488,ST晨鸣,10.33,20210414,10.53,1.9%,15
20210331,000550,江铃汽车,22.44,20210414,20.90,-6.9%,14
20210331,600760,中航沈飞,33.15,20210414,30.08,-9.3%,14
20210408,603926,铁流股份,8.80,20210617,9.20,4.5%,70
20210409,605099,共创草坪,29.46,20210604,37.11,26.0%,56
20210420,688301,奕瑞科技,56.80,20210428,60.69,6.9%,8
20210420,601882,海天精工,13.20,20210518,13.96,5.8%,28
20210420,002229,鸿博股份,7.09,20210428,6.46,-8.9%,8
20210423,002430,杭氧股份,30.65,20210511,28.05,-8.5%,18
20210423,603416,信捷电气,66.39,20210510,55.50,-16.4%,17
20210426,300015,爱尔眼科,31.82,20210617,37.06,16.5%,52
20210426,002701,奥瑞金,5.15,20210517,4.80,-6.8%,21
20210427,300885,海昌新材,12.56,20210429,11.47,-8.7%,2
20210427,603083,剑桥科技,12.51,20210517,12.86,2.8%,20
20210427,600521,华海药业,20.90,20210429,19.62,-6.1%,2
20210427,300633,开立医疗,27.60,20210609,26.28,-4.8%,43
20210428,300756,金马游乐,14.34,20210617,15.09,5.2%,50
20210428,002893,京能热力,9.05,20210525,11.18,23.5%,27
20210428,603839,安正时尚,8.68,20210517,8.14,-6.2%,19
20210429,600461,洪城环境,5.02,20210721,5.48,9.2%,83
20210429,002705,新宝股份,35.50,20210510,30.49,-14.1%,11
20210429,600814,杭州解百,6.60,20210518,6.20,-6.1%,19
20210429,002737,葵花药业,11.03,20210705,12.53,13.6%,67
20210429,300363,博腾股份,57.65,20210510,51.03,-11.5%,11
20210430,600661,昂立教育,14.60,20210607,13.91,-4.7%,38
20210430,603393,新天然气,15.66,20210617,16.32,4.2%,48
20210430,601015,陕西黑猫,6.56,20210514,7.25,10.6%,14
20210430,600460,士兰微,34.74,20210902,52.74,51.8%,125
20210430,603195,公牛集团,57.10,20210514,52.91,-7.3%,14
20210430,603897,长城科技,10.76,20211130,57.10,430.7%,214
20210430,300223,北京君正,71.82,20210510,60.99,-15.1%,10
20210507,002762,金发拉比,17.13,20210511,15.98,-6.7%,4
20210726,002985,北摩高科,86.30,20210827,92.30,7.0%,32
20210802,300503,昊志机电,13.03,20210923,16.63,27.6%,52
20210802,300378,鼎捷数智,22.18,20210811,26.79,20.8%,9
20210802,002035,华帝股份,5.92,20210830,6.21,4.9%,28
20210803,600288,大恒科技,12.01,20210827,11.27,-6.2%,24
20210804,603707,健友股份,25.46,20210811,24.24,-4.8%,7
20210817,603136,天目湖,10.23,20210824,10.84,5.9%,7
20210817,603527,众源新材,8.49,20210928,8.61,1.4%,42
20210818,605180,华生科技,20.71,20210906,23.98,15.8%,19
20210819,603883,老百姓,29.82,20210830,28.23,-5.3%,11
20210819,603676,卫信康,7.67,20210827,7.11,-7.3%,8
20210820,600173,卧龙新能,5.29,20210830,4.94,-6.6%,10
20210823,688636,智明达,48.77,20210909,46.92,-3.8%,17
20210823,002643,万润股份,18.92,20210928,17.59,-7.0%,36
20210824,603506,南都物业,12.97,20220124,15.19,17.1%,153
20210824,002465,海格通信,10.34,20210930,9.67,-6.5%,37
20210824,605100,华丰股份,14.40,20210922,13.61,-5.5%,29
20210824,601615,明阳智能,20.12,20210906,22.03,9.5%,13
20210825,300969,恒帅股份,21.64,20210909,26.62,23.0%,15
20210825,000529,广弘控股,5.05,20210830,4.74,-6.1%,5
20210825,603966,法兰泰克,4.86,20210928,4.61,-5.0%,34
20210825,002709,天赐材料,70.20,20210901,62.79,-10.6%,7
20210825,000999,华润三九,11.36,20210910,12.56,10.6%,16
20210825,600740,山西焦化,5.77,20210930,8.11,40.6%,36
20210826,688596,正帆科技,25.44,20210901,23.37,-8.1%,6
20210826,300785,值得买,33.00,20210909,34.92,5.8%,14
20210826,603320,迪贝电气,12.16,20210909,13.16,8.2%,14
20210826,603969,银龙股份,4.44,20210917,4.22,-5.0%,22
20210827,600435,北方导航,8.82,20211013,8.96,1.6%,47
20210827,600160,巨化股份,14.28,20210928,13.87,-2.9%,32
20210831,300352,ST信源,6.66,20210928,6.20,-6.9%,28
20210831,002793,罗欣药业,9.12,20211203,9.92,8.8%,94
20210831,600500,中化国际,10.47,20210917,11.11,6.1%,17
20210831,601698,中国卫通,15.32,20210910,16.88,10.2%,10
20210901,600609,金杯汽车,5.88,20211203,5.98,1.7%,93
20210901,000887,中鼎股份,17.54,20210906,16.55,-5.6%,5
20210901,688355,明志科技,28.96,20210917,25.41,-12.3%,16
20211022,300783,三只松鼠,37.36,20211108,39.30,5.2%,17
20211022,601128,常熟银行,4.66,20211104,4.32,-7.3%,13
20211025,603385,惠达卫浴,8.89,20211213,9.61,8.1%,49
20211026,688389,普门科技,20.05,20220118,20.54,2.4%,84
20211026,300118,东方日升,21.88,20220110,26.74,22.2%,76
20211026,002293,罗莱生活,9.33,20220124,11.35,21.7%,90
20211027,600516,方大炭素,10.94,20211104,10.08,-7.9%,8
20211027,002805,丰元股份,20.98,20211117,25.48,21.5%,21
20211027,000598,兴蓉环境,4.98,20220126,5.15,3.4%,91
20211027,603976,正川股份,32.28,20211203,34.53,7.0%,37
20211027,002384,东山精密,21.07,20211203,22.77,8.1%,37
20211027,300652,雷迪克,13.34,20211029,15.25,14.4%,2
20211027,300953,震裕科技,53.38,20211221,68.45,28.2%,55
20211027,603658,安图生物,51.76,20211207,48.35,-6.6%,41
20211028,300139,晓程科技,12.30,20211119,14.40,17.1%,22
20211028,600327,大东方,5.39,20220126,4.95,-8.2%,90
20211029,300772,运达股份,32.71,20211111,28.85,-11.8%,13
20211029,603043,广州酒家,20.14,20220118,21.14,5.0%,81
20211029,002815,崇达技术,11.52,20211207,14.58,26.6%,39
20211101,300027,ST华谊,3.47,20211228,3.73,7.5%,57
20211101,002687,乔治白,4.11,20211203,4.44,8.0%,32
20211101,688800,瑞可达,33.20,20220110,46.44,39.9%,70
20211101,300833,浩洋股份,43.54,20211207,51.25,17.7%,36
20211101,688689,银河微电,34.10,20211207,45.08,32.2%,36
20211101,300609,汇纳科技,15.16,20211203,16.51,8.9%,32
20211102,600180,*ST瑞茂,5.52,20220124,6.59,19.4%,83
20211102,300418,昆仑万维,21.33,20211119,22.68,6.3%,17
20211102,600096,云天化,26.20,20211104,22.60,-13.7%,2
20211102,600566,济川药业,12.86,20211117,14.22,10.6%,15
20211102,002727,一心堂,33.82,20211112,31.23,-7.7%,10
20211102,002938,鹏鼎控股,35.51,20211207,32.93,-7.3%,35
20211102,603380,易德龙,30.66,20211207,35.01,14.2%,35
20211102,603901,永创智能,14.51,20211207,15.30,5.5%,35
20211102,688518,联赢激光,42.17,20211117,43.94,4.2%,15
20211102,688059,华锐精密,81.02,20211203,87.61,8.1%,31
20211102,688092,爱科科技,25.16,20211207,25.63,1.9%,35
20211102,688030,山石网科,25.65,20211207,27.45,7.0%,35
20211102,600455,博通股份,20.00,20211207,21.44,7.2%,35
20220311,300929,华骐环保,14.58,20220322,16.55,13.6%,11
20220325,300824,北鼎股份,9.89,20220328,10.59,7.1%,3
20220328,300458,全志科技,16.99,20220408,15.78,-7.2%,11
20220329,601872,招商轮船,3.42,20220617,4.75,38.9%,80
20220331,002901,大博医疗,42.26,20220422,33.46,-20.8%,22
20220401,300938,信测标准,10.13,20220406,9.53,-5.9%,5
20220401,300575,中旗股份,9.17,20220414,10.30,12.4%,13
20220408,300507,苏奥传感,6.16,20220412,5.87,-4.8%,4
20220414,605090,九丰能源,19.40,20220427,15.52,-20.0%,13
20220418,605555,德昌股份,10.62,20220427,10.54,-0.7%,9
20220418,000915,华特达因,28.43,20220427,26.93,-5.3%,9
20220418,600660,福耀玻璃,28.45,20220422,26.41,-7.2%,4
20220420,300927,江天化学,17.17,20220422,15.10,-12.1%,2
20220420,002216,三全食品,17.13,20220428,17.48,2.0%,8
20220421,002993,奥海科技,25.83,20220707,32.60,26.2%,77
20220421,603968,醋化股份,15.02,20220920,19.89,32.4%,152
20220422,603212,赛伍技术,19.58,20220704,24.86,27.0%,73
20220426,300062,中能电气,5.40,20220615,6.58,21.8%,50
20220426,603595,ST东尼,26.45,20220523,31.87,20.5%,27
20220426,603337,杰克科技,19.55,20220525,18.76,-4.0%,29
20220426,002550,千红制药,4.96,20220517,5.28,6.5%,21
20220428,603882,金域医学,71.61,20220510,78.06,9.0%,12
20220428,300573,兴齐眼药,19.68,20220627,29.20,48.4%,60
20220428,300118,东方日升,19.30,20220920,26.43,36.9%,145
20220428,002343,慈文传媒,4.37,20220606,5.31,21.5%,39
20220429,300864,南大环境,13.96,20220825,18.02,29.1%,118
20220429,301031,中熔电气,43.13,20220520,51.40,19.2%,21
20220429,601038,一拖股份,8.97,20220607,10.64,18.6%,39
20220429,000565,渝三峡Ａ,5.09,20220825,7.15,40.4%,118
20220429,003019,宸展光电,16.23,20220517,17.46,7.6%,18
20220429,002801,微光股份,23.66,20220713,28.16,19.0%,75
20220429,603585,苏利股份,16.77,20220527,18.51,10.4%,28
20220429,000553,安道麦A,9.04,20220718,10.77,19.2%,80
20220429,603803,瑞斯康达,6.37,20220623,7.47,17.3%,55
20220429,603928,兴业股份,5.32,20220707,6.78,27.5%,69
20220429,688633,星球石墨,18.85,20220615,22.97,21.8%,47
20220429,688107,安路科技,40.32,20220829,62.91,56.0%,122
20220429,603329,上海雅仕,10.98,20220517,11.36,3.5%,18
20220505,002091,江苏国泰,7.66,20220630,9.33,21.8%,56
20220505,002706,良信股份,9.74,20220811,13.79,41.6%,98
20220505,002747,埃斯顿,15.01,20220822,22.19,47.8%,109
20220505,002003,伟星股份,8.12,20220525,8.69,7.0%,20
20220505,600371,万向德农,11.25,20220607,13.28,18.0%,33
20220505,605016,百龙创园,8.56,20220615,10.68,24.9%,41
20220505,603040,新坐标,7.66,20220530,8.96,16.9%,25
20220505,002517,恺英网络,4.10,20221011,5.93,44.6%,159
20220505,603889,新澳股份,2.16,20220525,2.26,4.6%,20
20220505,000937,冀中能源,3.69,20220509,3.28,-11.1%,4
20220505,300203,聚光科技,17.37,20230220,29.81,71.6%,291
20220505,002061,浙江交科,4.39,20220525,4.09,-6.8%,20
20220505,600559,老白干酒,20.35,20220713,24.76,21.7%,69
20220505,300408,三环集团,26.95,20220707,26.39,-2.1%,63
20220505,300177,中海达,6.38,20220610,7.48,17.3%,36
20220505,688110,东芯股份,30.49,20220526,32.57,6.8%,21
20220505,688697,纽威数控,5.01,20220525,5.30,5.8%,20
20220505,300831,ST派瑞,10.37,20220608,12.55,21.0%,34
20220505,300629,新劲刚,13.01,20220608,14.23,9.4%,34
20220505,300346,南大光电,21.05,20220713,25.03,18.9%,69
20220505,601099,太平洋,2.60,20220530,2.74,5.4%,25
20220505,601777,千里科技,3.99,20220607,4.63,16.0%,33
20220505,002848,高斯贝尔,7.68,20220615,9.39,22.3%,41
20220506,600587,新华医疗,13.50,20220517,14.36,6.4%,11
20220506,000700,模塑科技,3.53,20220510,3.31,-6.2%,4
20220506,002543,万和电气,4.93,20220630,5.53,12.2%,55
20220506,002206,海,利,得,4.25,20220704%,5.39
20220506,600085,同仁堂,37.37,20220713,46.74,25.1%,68
20220506,603908,牧高笛,45.57,20220602,56.90,24.9%,27
20220506,605151,西上海,14.65,20220526,16.63,13.5%,20
20220506,603661,恒林股份,22.92,20220525,23.99,4.6%,19
20220506,000680,山推股份,3.58,20220520,4.26,19.0%,14
20220506,002950,奥美医疗,11.36,20220804,12.58,10.7%,90
20220506,600284,浦东建设,6.14,20220517,6.33,3.1%,11
20220506,603667,五洲新春,9.92,20220825,15.91,60.4%,111
20220506,600101,明星电力,5.64,20220511,6.23,10.5%,5
20220506,002081,金,螳,螂,4.81,20220525%,4.61
20220506,600649,城投控股,4.16,20220602,4.07,-2.2%,27
20220506,000517,荣安地产,2.39,20220519,2.94,23.0%,13
20220506,688123,聚辰股份,59.70,20220525,68.12,14.1%,19
20220506,688070,纵横股份,24.13,20220523,27.76,15.0%,17
20220506,600771,广誉远,28.59,20220704,34.46,20.5%,59
20220729,300453,三鑫医疗,7.69,20220801,7.15,-7.0%,3
20220729,603516,淳中科技,13.25,20220805,14.29,7.9%,7
20220802,002507,涪陵榨菜,23.79,20220811,22.75,-4.4%,9
20220802,300487,蓝晓科技,51.12,20220825,52.03,1.8%,23
20220808,300348,长亮科技,11.12,20220829,10.67,-4.1%,21
20220809,688569,铁科轨道,20.08,20220816,19.31,-3.8%,7
20220810,603505,金石资源,20.82,20220811,19.93,-4.3%,1
20220811,301096,百诚医药,87.01,20220822,81.50,-6.3%,11
20220811,600988,赤峰黄金,20.59,20220902,18.77,-8.8%,22
20220812,600869,远东股份,7.39,20220817,7.02,-5.0%,5
20220815,300396,ST迪瑞,16.26,20220905,16.61,2.2%,21
20220816,688112,鼎阳科技,58.93,20220822,52.72,-10.6%,6
20220817,002847,盐津铺子,41.40,20220822,38.83,-6.2%,5
20220818,600633,浙数文化,6.29,20220825,6.36,1.1%,7
20220819,688639,华恒生物,69.00,20220822,64.86,-6.0%,3
20220819,600933,爱柯迪,19.12,20220825,18.25,-4.6%,6
20220819,605117,德业股份,79.80,20220902,71.51,-10.4%,14
20220819,603712,七一二,31.77,20220920,34.34,8.1%,32
20220822,688125,安达智能,77.35,20220825,73.37,-5.2%,3
20220823,600051,宁波联合,7.58,20220829,7.17,-5.4%,6
20220823,002538,ST司特,9.93,20220902,8.92,-10.2%,10
20220824,300563,神宇股份,13.44,20220825,12.09,-10.0%,1
20220824,688161,威高骨科,55.64,20220829,52.72,-5.3%,5
20220824,300596,利安隆,50.78,20220927,54.97,8.3%,34
20220824,603035,常熟汽饰,18.68,20220920,20.65,10.6%,27
20220824,601928,凤凰传媒,5.72,20221026,6.57,14.9%,63
20220824,000700,模塑科技,5.55,20220825,4.95,-10.8%,1
20220825,603992,松霖科技,14.87,20220829,13.16,-11.5%,4
20220826,603886,元祖股份,14.89,20220909,13.96,-6.3%,14
20220826,603008,ST喜临门,31.72,20220920,30.97,-2.4%,25
20220826,301035,润丰股份,67.50,20220920,73.36,8.7%,25
20220829,301212,联盛化学,34.90,20220909,36.05,3.3%,11
20220829,600419,天润乳业,12.65,20221026,13.80,9.1%,58
20220829,601908,京运通,9.57,20220902,8.06,-15.8%,4
20220829,000062,深圳华强,12.02,20220907,11.51,-4.2%,9
20220830,688722,同益中,19.49,20220927,18.25,-6.4%,28
20220830,301042,安联锐视,23.78,20220909,22.24,-6.5%,10
20220830,002003,伟星股份,9.98,20220927,10.30,3.2%,28
20220830,000811,冰轮环境,9.48,20220913,8.99,-5.2%,14
20220830,605009,豪悦护理,26.27,20220927,24.31,-7.4%,28
20220830,003020,立方制药,13.73,20220927,14.74,7.4%,28
20220831,002570,贝因美,5.32,20221026,5.30,-0.4%,56
20220831,002851,麦格米特,30.38,20220920,30.21,-0.6%,20
20220831,600487,亨通光电,17.73,20220920,17.52,-1.2%,20
20220831,605158,华达新材,6.98,20221011,6.99,0.1%,41
20220831,688069,德林海,17.22,20220902,16.43,-4.6%,2
20220831,300672,国科微,69.05,20220920,74.46,7.8%,20
20220831,300438,鹏辉能源,88.86,20220902,79.77,-10.2%,2
20220831,300134,大富科技,8.91,20220920,7.64,-14.3%,20
20220831,300795,米奥会展,6.88,20221011,6.95,1.1%,41
20220901,600683,京投发展,5.00,20220907,5.38,7.6%,6
20220901,601881,中国银河,8.68,20221226,8.47,-2.4%,116
20221024,688579,地纬智能,9.10,20221102,9.49,4.3%,9
20221025,300780,德恩精工,17.04,20221107,15.91,-6.6%,13
20221025,301063,海锅股份,27.11,20221122,33.51,23.6%,28
20221026,300675,建科院,14.80,20221125,16.19,9.4%,30
20221026,300775,三角防务,44.34,20221111,41.76,-5.8%,16
20221026,300272,开能健康,5.01,20221226,4.66,-7.0%,61
20221027,605258,协和电子,20.97,20230109,22.27,6.2%,74
20221027,002831,裕同科技,21.21,20221115,20.58,-3.0%,19
20221027,603317,天味食品,18.32,20221111,19.08,4.2%,15
20221027,605108,同庆楼,27.41,20221111,31.00,13.1%,15
20221027,300605,恒锋信息,13.14,20221130,12.68,-3.5%,34
20221027,300130,新国都,12.16,20221123,11.72,-3.6%,27
20221027,300298,三诺生物,36.89,20221115,35.68,-3.3%,19
20221027,688273,麦澜德,38.70,20221111,34.46,-11.0%,15
20221027,301092,争光股份,29.25,20221214,28.37,-3.0%,48
20221027,301004,嘉益股份,17.49,20221111,19.75,12.9%,15
20221027,688400,凌云光,28.30,20221125,26.54,-6.2%,29
20221028,002116,中国海诚,6.81,20221214,8.73,28.1%,47
20221028,002803,吉宏股份,11.73,20221123,12.45,6.1%,26
20221028,601163,三角轮胎,10.88,20230330,11.65,7.1%,153
20221028,603319,美湖股份,11.45,20221125,10.95,-4.4%,28
20221028,605218,伟时电子,13.55,20230331,15.66,15.6%,154
20221028,001228,永泰运,55.90,20221111,52.70,-5.7%,14
20221028,600570,恒生电子,36.82,20221104,39.92,8.4%,7
20221028,002949,华阳国际,12.73,20221102,11.94,-6.2%,5
20221028,301278,快可电子,79.00,20221111,86.23,9.2%,14
20221028,300502,新易盛,8.23,20221209,7.99,-3.0%,42
20221028,300830,金现代,8.69,20221102,8.21,-5.5%,5
20221031,600814,杭州解百,5.66,20230106,6.33,11.8%,67
20221031,601699,潞安环能,11.13,20221122,11.78,5.8%,22
20221031,002209,达,意,隆,8.96,20221101%,8.38
20221031,300546,雄帝科技,18.80,20221125,17.98,-4.3%,25
20221031,300514,友讯达,10.54,20221209,10.39,-1.4%,39
20221101,003040,楚天龙,18.66,20221214,17.76,-4.8%,43
20221101,605266,健之佳,33.04,20221226,41.88,26.7%,55
20230314,600665,天地源,4.13,20230323,3.95,-4.4%,9
20230321,002080,中材科技,22.07,20230427,19.09,-13.5%,37
20230323,603912,佳力图,10.07,20230417,9.71,-3.6%,25
20230328,601168,西部矿业,9.47,20230427,9.84,3.9%,30
20230328,603357,设计总院,8.60,20230331,8.28,-3.8%,3
20230328,002410,广联达,50.78,20230330,48.12,-5.2%,2
20230329,002611,东方精工,4.84,20230427,4.89,1.0%,29
20230331,003013,地铁设计,17.27,20230406,16.67,-3.5%,6
20230331,603109,神驰机电,15.80,20230404,14.96,-5.3%,4
20230331,600502,安徽建工,5.03,20230427,5.23,4.0%,27
20230331,002595,豪迈科技,18.21,20230504,19.12,5.0%,34
20230403,300926,博俊科技,12.29,20230407,11.83,-3.7%,4
20230403,002690,美亚光电,30.20,20230407,28.87,-4.4%,4
20230403,002533,金杯电工,5.96,20230526,6.51,9.2%,53
20230413,600415,小商品城,5.91,20230518,7.58,28.3%,35
20230413,601519,大智慧,8.75,20230414,8.35,-4.6%,1
20230413,000922,佳电股份,9.92,20230526,10.48,5.6%,43
20230413,300624,万兴科技,65.79,20230414,59.92,-8.9%,1
20230417,002126,银轮股份,14.03,20230428,13.11,-6.6%,11
20230418,300232,洲明科技,8.83,20230427,7.96,-9.9%,9
20230418,601518,吉林高速,2.15,20230522,2.36,10.0%,34
20230418,600918,中泰证券,7.74,20230518,7.30,-5.7%,30
20230419,688526,科前生物,25.82,20230427,24.19,-6.3%,8
20230421,688387,信科移动,8.53,20230427,7.68,-10.0%,6
20230421,300058,蓝色光标,7.63,20230515,9.02,18.3%,24
20230421,300856,科思股份,21.59,20230728,25.56,18.4%,98
20230421,002983,芯瑞达,18.93,20230427,15.88,-16.1%,6
20230424,600784,鲁银投资,6.66,20230427,6.35,-4.7%,3
20230424,600419,天润乳业,18.80,20230609,17.62,-6.3%,46
20230424,600785,新华百货,11.74,20230522,11.18,-4.8%,28
20230425,002011,盾安环境,14.12,20230508,13.23,-6.3%,13
20230425,301101,明月镜片,43.48,20230508,42.40,-2.5%,13
20230425,301331,恩威医药,24.37,20230608,24.53,0.7%,44
20230426,003011,海象新材,23.32,20230529,25.88,11.0%,33
20230426,603215,比依股份,16.55,20230508,15.78,-4.7%,12
20230426,002478,常宝股份,5.45,20230613,6.15,13.0%,48
20230426,600981,苏豪汇鸿,2.80,20230515,3.13,11.8%,19
20230426,300882,万胜智能,12.75,20230508,13.06,2.4%,12
20230426,300857,协创数据,13.47,20230427,12.90,-4.2%,1
20230426,300532,今天国际,8.50,20230515,7.62,-10.3%,19
20230426,688551,科威尔,48.58,20230508,53.97,11.1%,12
20230426,300615,欣天科技,17.18,20230508,16.85,-1.9%,12
20230426,300494,盛天网络,23.36,20230427,21.81,-6.7%,1
20230427,300783,三只松鼠,20.07,20230518,20.24,0.9%,21
20230427,605599,菜百股份,9.87,20230515,9.41,-4.7%,18
20230427,603191,望变电气,20.07,20230428,19.18,-4.4%,1
20230427,600251,冠农股份,8.48,20230508,8.20,-3.3%,11
20230427,603676,卫信康,13.10,20230602,13.37,2.0%,36
20230427,300342,天银机电,9.31,20230725,11.27,21.1%,89
20230427,301087,可孚医疗,40.14,20230608,43.24,7.7%,42
20230427,300811,铂科新材,29.34,20230428,27.76,-5.4%,1
20230427,300997,欢乐家,14.06,20230515,13.45,-4.3%,18
20230427,688029,南微医学,86.49,20230508,81.41,-5.9%,11
20230427,300545,联得装备,24.46,20230508,23.56,-3.7%,11
20230427,688357,建龙微纳,65.16,20230504,61.39,-5.8%,7
20230427,688580,伟思医疗,53.05,20230508,49.69,-6.3%,11
20230427,300467,迅游科技,16.74,20230508,18.06,7.9%,11
20230428,600592,龙溪股份,7.60,20230608,7.78,2.4%,41
20230428,603367,辰欣药业,14.92,20230515,14.05,-5.8%,17
20230428,603331,百达精工,13.62,20230725,13.99,2.7%,88
20230428,601567,三星电气,11.42,20230508,10.91,-4.5%,10
20230428,605337,李子园,18.28,20230518,16.61,-9.1%,20
20230428,603173,福斯达,27.74,20230522,30.47,9.8%,24
20230428,601318,中国平安,41.50,20230518,42.71,2.9%,20
20230428,601163,三角轮胎,12.72,20230529,13.04,2.5%,31
20230428,688395,正弦电气,19.73,20230608,22.20,12.5%,41
20230428,688305,科德数控,71.76,20230605,68.34,-4.8%,38
20230428,301043,绿岛风,22.13,20240123,24.29,9.8%,270
20230428,300756,金马游乐,12.03,20230613,13.02,8.3%,46
20230428,300869,康泰医学,25.19,20230508,24.46,-2.9%,10
20230428,688006,杭可科技,35.60,20230504,33.97,-4.6%,6
20230428,301257,普蕊斯,62.50,20230508,57.00,-8.8%,10
20230428,300702,天宇股份,28.84,20230504,27.81,-3.6%,6
20230428,300146,汤臣倍健,22.36,20230508,21.70,-3.0%,10
20230504,600197,伊力特,24.82,20230627,26.57,7.1%,54
20230504,002441,众业达,8.82,20230518,9.70,10.0%,14
20230504,002780,三夫户外,12.02,20230529,13.04,8.5%,25
20230504,600129,太极集团,49.69,20230508,51.30,3.2%,4
20230504,600410,华胜天成,6.74,20230522,6.42,-4.8%,18
20230504,601519,大智慧,7.60,20230518,7.74,1.8%,14
20230504,603307,扬州金泉,32.58,20230526,33.34,2.3%,22
20230504,603881,数据港,12.99,20230515,12.20,-6.0%,11
20230504,001210,金房能源,9.32,20230607,9.91,6.4%,34
20230504,002563,森马服饰,5.67,20230518,5.40,-4.8%,14
20230504,600488,津药药业,5.00,20230518,5.43,8.6%,14
20230504,000014,沙河股份,9.64,20230526,9.80,1.7%,22
20230504,000707,双环科技,8.46,20230526,7.93,-6.3%,22
20230504,002763,汇洁股份,5.79,20230804,6.70,15.7%,92
20230504,301061,匠心家居,13.16,20230810,15.65,18.9%,98
20230504,300773,拉卡拉,10.86,20230522,11.26,3.7%,18
20230504,002276,万马股份,10.79,20230526,12.01,11.3%,22
20230504,300866,安克创新,49.36,20230725,56.92,15.3%,82
20230504,300514,友讯达,12.25,20230508,11.60,-5.3%,4
20230504,300130,新国都,16.08,20230518,18.59,15.6%,14
20230504,688211,中科微至,45.87,20230515,41.67,-9.2%,11
20230504,300154,瑞凌股份,6.24,20230719,6.94,11.2%,76
20230504,688019,安集科技,91.87,20230508,82.95,-9.7%,4
20230504,300500,启迪设计,16.18,20230515,18.58,14.8%,11
20230504,300143,盈康生命,9.36,20230605,8.81,-5.9%,32
20230504,601003,柳钢股份,4.25,20230526,3.92,-7.8%,22
20230504,600035,楚天高速,3.46,20230522,3.46,0.0%,18
20230504,605158,华达新材,6.89,20230824,6.89,0.0%,112
20230504,300228,富瑞特装,5.24,20230607,5.42,3.4%,34
20230504,605066,天正电气,5.63,20230728,6.52,15.8%,85
20230504,002739,儒意电影,14.30,20230515,14.16,-1.0%,11
20230505,603633,徕木股份,9.72,20230508,9.34,-3.9%,3
20230505,603027,千禾味业,19.19,20230508,18.33,-4.5%,3
20230505,601086,国芳集团,4.03,20230609,4.69,16.4%,35
20230505,002027,分众传媒,5.99,20230518,5.70,-4.8%,13
20230505,000517,荣安地产,2.51,20230526,2.34,-6.8%,21
20230505,600020,中原高速,3.47,20230522,3.26,-6.1%,17
20230505,603101,汇嘉时代,5.70,20230508,5.41,-5.1%,3
20230505,603556,海兴电力,21.49,20230607,20.06,-6.7%,33
20230505,603283,赛腾股份,28.04,20230508,26.19,-6.6%,3
20230505,001209,洪兴股份,14.60,20230627,14.65,0.3%,53
20230505,000951,中国重汽,13.98,20230515,13.07,-6.5%,10
20230505,603798,康普顿,8.49,20230616,9.17,8.0%,42
20230505,605100,华丰股份,9.93,20230609,10.11,1.9%,35
20230505,002491,通鼎互联,6.30,20230515,5.72,-9.2%,10
20230505,600748,上实发展,3.98,20230518,4.03,1.3%,13
20230505,603877,太平鸟,23.89,20230515,24.48,2.5%,10
20230731,300740,水羊股份,19.00,20230810,20.61,8.5%,10
20230801,300193,佳士科技,7.73,20230803,7.28,-5.8%,2
20230801,300583,赛托生物,18.62,20230810,18.43,-1.0%,9
20230808,688475,萤石网络,31.11,20230914,33.61,8.0%,37
20230810,603102,百合股份,46.03,20230822,43.27,-6.0%,12
20230814,300414,中光防雷,9.89,20230824,10.36,4.8%,10
20230815,688321,微芯生物,23.39,20230817,21.85,-6.6%,2
20230816,300905,宝丽迪,17.87,20230824,16.46,-7.9%,8
20230816,603610,麒盛科技,11.40,20230824,9.94,-12.8%,8
20230818,300607,拓斯达,14.81,20230828,13.07,-11.8%,10
20230818,600132,重庆啤酒,85.85,20230922,78.76,-8.3%,35
20230821,002724,海洋王,8.16,20230824,7.58,-7.1%,3
20230822,603078,江化微,16.04,20230922,16.11,0.4%,31
20230823,688486,龙迅股份,34.15,20230828,31.84,-6.8%,5
20230823,003028,振邦智能,29.05,20230824,27.42,-5.6%,1
20230825,002048,宁波华翔,13.14,20231024,12.21,-7.1%,60
20230825,300017,网宿科技,6.21,20230914,5.89,-5.2%,20
20230828,688718,唯赛勃,17.35,20230901,16.21,-6.6%,4
20230828,600456,宝钛股份,31.00,20230922,32.20,3.9%,25
20230829,688058,宝兰德,36.37,20231101,33.53,-7.8%,64
20230829,688208,道通科技,16.96,20231017,17.94,5.8%,49
20230829,300917,特发服务,34.08,20230901,32.64,-4.2%,3
20230829,603307,扬州金泉,30.81,20231024,30.26,-1.8%,56
20230830,688578,艾力斯,25.80,20230906,27.16,5.3%,7
20230830,603661,恒林股份,33.51,20231024,30.75,-8.2%,55
20230830,605336,*ST帅电,16.19,20231011,15.19,-6.2%,42
20230831,301333,诺思格,65.25,20230906,61.52,-5.7%,6
20230831,300973,立高食品,67.18,20230922,62.17,-7.5%,22
20230831,002613,北玻股份,4.76,20230914,4.48,-5.9%,14
20230831,603515,欧普照明,18.92,20231024,17.30,-8.6%,54
20230831,301235,华康洁净,25.60,20231024,26.39,3.1%,54
20230831,688408,中信博,43.88,20231114,48.40,10.3%,75
20230831,688135,利扬芯片,23.51,20230901,21.80,-7.3%,1
20231025,301160,翔楼新材,17.28,20231227,18.16,5.1%,63
20231025,300045,华力创通,29.90,20231101,26.94,-9.9%,7
20231025,688571,杭华股份,6.52,20240123,5.65,-13.4%,90
20231025,300441,鲍斯股份,5.76,20231201,6.18,7.3%,37
20231025,003000,劲仔食品,9.68,20231221,10.76,11.2%,57
20231026,600502,安徽建工,4.20,20231101,3.98,-5.2%,6
20231026,002443,金洲管道,7.41,20231101,6.91,-6.7%,6
20231027,301383,天键股份,28.78,20240123,36.01,25.1%,88
20231027,300735,光弘科技,22.00,20231109,25.74,17.0%,13
20231027,002991,甘源食品,68.47,20231221,62.82,-8.3%,55
20231027,600745,*ST闻泰,48.22,20231208,44.43,-7.9%,42
20231030,300969,恒帅股份,38.90,20231130,50.47,29.7%,31
20231030,002011,盾安环境,11.03,20231113,11.58,5.0%,14
20231030,605338,巴比食品,20.39,20231225,18.97,-7.0%,56
20231030,002850,科达利,82.07,20231208,77.31,-5.8%,39
20231030,603057,紫燕食品,21.08,20231219,19.37,-8.1%,50
20231030,605007,五洲特纸,15.26,20231109,14.54,-4.7%,10
20231030,300709,精研科技,27.18,20231123,33.09,21.7%,24
20231030,688310,迈得医疗,27.19,20231103,25.82,-5.1%,4
20231030,688179,阿拉丁,12.09,20231103,11.52,-4.7%,4
20231030,688687,凯因科技,29.93,20231114,28.37,-5.2%,15
20231030,002444,巨星科技,18.28,20231123,19.52,6.8%,24
20231031,002045,国光电器,15.93,20240109,14.79,-7.2%,70
20231031,300687,赛意信息,24.48,20231130,23.19,-5.3%,30
20231031,002753,永东股份,7.52,20240115,7.76,3.2%,76
20231031,603689,皖天然气,8.12,20231101,7.60,-6.4%,1
20231031,603456,九洲药业,28.39,20231113,27.08,-4.6%,13
20231031,002757,南兴股份,14.32,20231219,14.55,1.6%,49
20231031,603338,浙江鼎力,48.48,20231113,45.91,-5.3%,13
20231031,603408,建霖家居,10.39,20231101,9.80,-5.7%,1
20231031,600675,中华企业,3.64,20231101,3.32,-8.8%,1
20231031,300638,广和通,20.34,20231123,19.33,-5.0%,23
20231031,688213,思特威,48.15,20231109,51.18,6.3%,9
20231031,301122,采纳股份,41.81,20231101,39.58,-5.3%,1
20231031,301033,迈普医学,38.99,20231225,40.32,3.4%,55
20231031,300529,健帆生物,22.38,20231103,21.23,-5.1%,3
20231031,688619,罗普特,13.80,20231219,14.02,1.6%,49
20231031,688049,炬芯科技,24.26,20231123,25.65,5.8%,23
20231031,603282,亚光股份,26.95,20231208,24.97,-7.4%,38
20231101,000838,*ST发展,3.59,20231225,3.45,-3.9%,54
20231101,603111,康尼机电,4.45,20240109,4.91,10.4%,69
20231101,605116,奥锐特,24.66,20240123,22.02,-10.7%,83
20240312,600557,康缘药业,20.57,20240326,20.96,1.9%,14
20240328,002847,盐津铺子,50.75,20240516,47.20,-7.0%,49
20240329,002658,雪迪龙,6.39,20240415,5.99,-6.3%,17
20240401,002533,金杯电工,9.20,20240429,8.65,-6.0%,28
20240401,002895,川恒股份,13.96,20240424,15.37,10.1%,23
20240402,300841,康华生物,58.57,20240411,53.96,-7.9%,9
20240402,688208,道通科技,12.61,20240607,14.42,14.4%,66
20240402,300926,博俊科技,19.91,20240409,18.56,-6.8%,7
20240402,603408,建霖家居,12.70,20240417,13.23,4.2%,15
20240402,002906,华阳集团,27.30,20240527,25.29,-7.4%,55
20240402,002901,大博医疗,31.56,20240411,29.18,-7.5%,9
20240409,000911,*ST广糖,8.33,20240417,7.28,-12.6%,8
20240410,605007,五洲特纸,15.29,20240411,14.39,-5.9%,1
20240411,300922,天秦装备,12.99,20240417,13.37,2.9%,6
20240415,002552,宝鼎科技,14.55,20240424,13.91,-4.4%,9
20240416,301077,星华新材,10.79,20240418,9.88,-8.5%,2
20240416,301252,同星科技,18.43,20240418,18.63,1.1%,2
20240417,605507,国邦医药,10.36,20240612,11.48,10.8%,56
20240418,000990,诚志股份,7.36,20240516,8.37,13.7%,28
20240419,300596,利安隆,25.73,20240516,30.09,17.0%,27
20240419,301219,腾远钴业,34.42,20240424,31.22,-9.3%,5
20240419,688050,爱博医疗,75.77,20240527,78.52,3.6%,38
20240422,301033,迈普医学,30.43,20240709,36.26,19.2%,78
20240423,300836,佰奥智能,15.56,20240607,21.84,40.4%,45
20240423,300200,高盟新材,6.71,20240510,7.23,7.8%,17
20240423,300482,万孚生物,24.08,20240516,27.74,15.2%,23
20240423,300761,立华股份,21.55,20240426,20.40,-5.3%,3
20240423,688480,赛恩斯,31.44,20240604,29.24,-7.0%,42
20240423,003006,百亚股份,18.61,20240716,21.50,15.5%,84
20240423,603919,金徽酒,19.89,20240607,18.80,-5.4%,45
20240423,300566,激智科技,13.10,20240604,14.00,6.9%,42
20240424,003023,彩虹集团,15.85,20240626,15.04,-5.1%,63
20240424,603051,鹿山新材,17.56,20240527,17.96,2.3%,33
20240424,301105,鸿铭股份,24.00,20240604,24.96,4.0%,41
20240424,600315,上海家化,19.92,20240607,18.93,-5.0%,44
20240424,301099,雅创电子,22.48,20240604,24.68,9.8%,41
20240424,301012,扬电科技,13.41,20240607,17.42,29.9%,44
20240425,300647,超频三,4.72,20240426,4.51,-4.5%,1
20240425,300816,艾可蓝,20.77,20240612,23.29,12.1%,48
20240425,300673,佩蒂股份,13.72,20240426,13.00,-5.3%,1
20240425,300075,数字政通,15.15,20240607,14.38,-5.1%,43
20240425,300976,达瑞电子,19.27,20240527,20.53,6.6%,32
20240425,603706,东方环宇,12.39,20240429,13.15,6.1%,4
20240425,002970,锐明技术,27.21,20240726,30.82,13.3%,92
20240425,002928,华夏航空,6.11,20240614,6.69,9.5%,50
20240426,688272,富吉瑞,15.50,20240604,17.70,14.2%,39
20240426,603693,江苏新能,10.90,20240527,12.62,15.8%,31
20240426,002773,康弘药业,18.47,20240516,20.88,13.1%,20
20240426,002085,万丰奥威,16.53,20240506,15.77,-4.6%,10
20240426,002996,顺博合金,6.83,20240604,6.28,-8.1%,39
20240426,600727,鲁北化工,6.25,20240522,7.59,21.4%,26
20240426,300107,建新股份,10.81,20240510,12.41,14.8%,14
20240426,300666,江丰电子,45.28,20240628,46.87,3.5%,63
20240426,688408,中信博,62.60,20240510,67.19,7.4%,14
20240426,002496,辉丰股份,2.63,20240614,2.64,0.4%,49
20240429,301085,亚康股份,50.40,20240510,47.81,-5.1%,11
20240429,603385,惠达卫浴,5.97,20240529,6.32,5.9%,30
20240429,600660,福耀玻璃,44.96,20240522,42.70,-5.0%,23
20240429,002962,五方光电,14.12,20240527,16.17,14.5%,28
20240429,601069,西部黄金,11.87,20240516,13.36,12.6%,17
20240429,002035,华帝股份,6.34,20240604,7.47,17.8%,36
20240429,300380,安硕信息,16.33,20240604,14.85,-9.1%,36
20240429,300529,健帆生物,24.72,20240529,26.21,6.0%,30
20240429,300316,晶盛机电,32.74,20240607,30.67,-6.3%,39
20240429,300492,华图山鼎,67.18,20240607,74.25,10.5%,39
20240429,300307,慈星股份,5.54,20240522,6.37,15.0%,23
20240429,688233,神工股份,19.10,20240604,20.22,5.9%,36
20240429,301299,卓创资讯,43.15,20240607,38.32,-11.2%,39
20240429,688162,巨一科技,22.53,20240527,21.37,-5.2%,28
20240430,605277,新亚电子,11.05,20240527,11.44,3.5%,27
20240430,000786,北新建材,30.80,20240607,29.71,-3.5%,38
20240430,000544,中原环保,7.00,20240604,7.93,13.3%,35
20240430,002661,克明食品,7.10,20240607,7.17,1.0%,38
20240430,002755,奥赛康,10.54,20240607,9.51,-9.8%,38
20240430,002862,实丰文化,9.84,20240509,11.14,13.3%,9
20240430,000926,福星股份,2.67,20240604,2.53,-5.4%,35
20240430,603613,国联股份,23.80,20240516,23.48,-1.3%,16
20240430,603200,上海洗霸,23.76,20240520,22.68,-4.6%,20
20240430,603606,东方电缆,35.11,20240701,39.07,11.3%,62
20240430,600183,生益科技,16.55,20240701,18.34,10.8%,62
20240430,603809,豪能股份,5.53,20240510,6.20,12.0%,10
20240430,601512,中新集团,8.10,20240626,7.31,-9.8%,57
20240430,002534,西子洁能,10.68,20240626,9.80,-8.2%,57
20240430,002340,格林美,6.80,20240527,6.45,-5.2%,27
20240430,002476,新叶股份,3.93,20240607,3.65,-7.1%,38
20240430,300031,宝通科技,14.26,20240607,13.39,-6.1%,38
20240430,603228,景旺电子,21.55,20240718,26.45,22.7%,79
20240430,605369,拱东医疗,25.27,20240516,23.80,-5.8%,16
20240430,688148,芳源股份,5.21,20240527,4.91,-5.8%,27
20240430,301327,华宝新能,43.14,20240516,45.40,5.2%,16
20240430,688019,安集科技,75.24,20240522,71.01,-5.6%,22
20240430,300769,德方纳米,36.10,20240516,35.83,-0.8%,16
20240430,300587,天铁科技,4.69,20240604,4.40,-6.2%,35
20240430,688531,日联科技,34.44,20240516,32.15,-6.7%,16
20240430,688234,天岳先进,55.05,20240516,52.36,-4.9%,16
20240430,300842,帝科股份,54.47,20240516,51.50,-5.5%,16
20240430,300724,捷佳伟创,65.41,20240607,60.81,-7.0%,38
20240430,003025,思进智能,10.31,20240607,9.56,-7.3%,38
20240430,603976,正川股份,15.14,20240604,14.15,-6.5%,35
20240430,600882,妙可蓝多,13.91,20240529,14.51,4.3%,29
20240430,000155,川能动力,11.21,20240709,10.25,-8.6%,70
20240430,300291,百纳千成,5.48,20240509,5.13,-6.4%,9
20240430,688095,福昕软件,59.62,20240516,53.90,-9.6%,16
20240506,002811,郑中设计,6.49,20240509,6.16,-5.1%,3
20240506,603730,岱美股份,7.06,20240726,6.36,-9.9%,81
20240506,603337,杰克科技,25.33,20240520,26.98,6.5%,14
20240506,002365,永安药业,8.10,20240517,7.70,-4.9%,11
20240506,600480,凌云股份,7.88,20240607,7.26,-7.8%,32
20240801,603416,信捷电气,31.28,20240815,28.82,-7.9%,14
20240807,688059,华锐精密,32.91,20240815,30.27,-8.0%,8
20240814,300880,迦南智能,18.69,20240823,17.42,-6.8%,9
20240816,300183,东软载波,13.20,20240819,12.35,-6.4%,3
20240819,600577,精达股份,4.79,20240905,4.05,-15.5%,17
20240820,300130,新国都,15.30,20241008,26.62,74.0%,49
20240821,300532,今天国际,6.32,20241008,10.04,58.9%,48
20240821,603192,汇得科技,13.29,20241010,14.72,10.8%,50
20240821,002303,美盈森,2.11,20240823,1.98,-6.2%,2
20240823,688278,特宝生物,53.67,20240924,57.22,6.6%,32
20240823,002479,富春环保,3.55,20241119,4.46,25.6%,88
20240826,605183,确成股份,15.40,20241010,17.01,10.5%,45
20240827,688567,孚能科技,9.33,20241008,15.20,62.9%,42
20240827,688251,井松智能,11.53,20240918,11.43,-0.9%,22
20240827,688209,英集芯,10.61,20241008,16.58,56.3%,42
20240828,600529,山东药玻,22.86,20241018,26.35,15.3%,51
20240828,002555,三七互娱,11.65,20241010,14.87,27.6%,43
20240828,601101,昊华能源,8.01,20240910,7.14,-10.9%,13
20240829,002345,潮宏基,3.70,20241010,4.40,18.9%,42
20240829,301196,唯科科技,19.96,20241010,24.79,24.2%,42
20240829,605169,洪通燃气,8.38,20241014,9.70,15.7%,46
20240829,000913,钱江摩托,14.08,20241010,16.54,17.5%,42
20240830,301205,联特科技,51.65,20240918,51.46,-0.4%,19
20240830,603040,新坐标,11.94,20241010,13.47,12.8%,41
20240830,603328,依顿电子,7.14,20241127,8.80,23.2%,89
20240830,603218,日月股份,10.01,20241014,11.37,13.6%,45
20240830,603698,航天工程,12.89,20241016,14.55,12.9%,47
20240830,600559,老白干酒,17.18,20240918,15.60,-9.2%,19
20240830,600487,亨通光电,13.95,20241119,17.38,24.6%,81
20240830,300255,常山药业,10.17,20241010,13.01,27.9%,41
20240830,002120,韵达股份,6.65,20241010,8.15,22.6%,41
20240830,300925,法本信息,9.97,20241008,26.04,161.2%,39
20240830,300545,联得装备,24.26,20240918,22.27,-8.2%,19
20240830,300040,九洲集团,5.16,20241010,6.34,22.9%,41
20240830,688131,皓元医药,22.23,20240920,23.59,6.1%,21
20240902,300131,英唐智控,5.75,20240910,5.17,-10.1%,8
20240902,688733,壹石通,14.62,20240918,13.26,-9.3%,16
20240902,688489,三未信安,16.80,20240924,18.20,8.4%,22
20240902,300384,三联虹普,12.42,20241010,16.37,31.8%,38
20240902,002946,新乳业,8.47,20241010,10.58,24.9%,38
20240902,000021,深科技,13.58,20241010,16.42,20.9%,38
20240902,603596,伯特利,25.14,20241016,30.18,20.1%,44
20240902,688355,明志科技,12.17,20241014,15.59,28.2%,42
20240903,603306,华懋科技,18.84,20240918,17.14,-9.0%,15
20240903,603004,鼎龙科技,18.59,20240910,15.87,-14.6%,7
20240903,002950,奥美医疗,7.14,20241010,8.11,13.6%,37
20240903,001319,铭科精技,17.38,20241010,20.20,16.2%,37
20240904,600072,中船科技,12.20,20241014,13.93,14.2%,40
20241022,688195,腾景科技,25.90,20241023,24.76,-4.4%,1
20241023,002891,中宠股份,29.00,20241119,32.46,11.9%,27
20241024,603618,杭电股份,5.59,20241104,5.33,-4.7%,11
20241024,002991,甘源食品,66.93,20241111,70.60,5.5%,18
20241025,600665,天地源,3.18,20241113,3.36,5.7%,19
20241028,301121,紫建电子,33.40,20241107,37.55,12.4%,10
20241028,300777,中简科技,32.42,20241031,30.43,-6.1%,3
20241028,601137,博威合金,18.96,20241107,18.48,-2.5%,10
20241029,300603,立昂技术,10.61,20241104,9.71,-8.5%,6
20241029,001380,华纬科技,15.39,20241111,15.98,3.9%,13
20241029,688419,耐科装备,23.87,20241119,24.14,1.1%,21
20241029,002351,漫步者,14.71,20241104,13.99,-4.9%,6
20241030,603676,卫信康,9.83,20241224,10.21,3.8%,55
20241030,301345,涛涛车业,59.99,20241119,58.01,-3.3%,20
20241030,605333,沪光股份,33.01,20241107,34.89,5.7%,8
20241030,603173,福斯达,21.85,20241218,22.95,5.0%,49
20241030,600343,航天动力,12.01,20241104,10.90,-9.2%,5
20241030,300972,万辰集团,68.24,20241119,66.71,-2.2%,20
20241031,603609,禾丰股份,8.17,20241226,8.62,5.5%,56
20241101,688533,上声电子,33.53,20241113,37.19,10.9%,12
20241101,600651,飞乐音响,4.30,20241119,4.55,5.8%,18
20241101,002358,森源电气,4.50,20241113,4.73,5.1%,12
20241101,603690,至纯科技,26.09,20241119,27.54,5.6%,18
20241101,002432,九安医疗,44.72,20241119,43.29,-3.2%,18
20241101,600248,陕建股份,4.45,20241113,4.68,5.2%,12
20241112,688347,华虹宏力,54.00,20241119,48.58,-10.0%,7
20250307,603759,海天股份,8.44,20250408,7.50,-11.1%,32
20250313,002056,横店东磁,13.56,20250401,13.81,1.8%,19
20250318,001914,招商积余,11.57,20250812,12.79,10.5%,147
20250318,600211,西藏药业,36.53,20250512,33.93,-7.1%,55
20250319,605058,澳弘电子,26.35,20250324,24.11,-8.5%,5
20250321,600063,皖维高新,4.56,20250408,4.04,-11.4%,18
20250328,001299,美能能源,7.74,20250624,8.08,4.3%,88
20250328,002749,国光股份,11.63,20250421,11.89,2.3%,24
20250331,003028,振邦智能,36.06,20250401,34.04,-5.6%,1
20250331,001333,光华股份,23.17,20250402,25.76,11.2%,2
20250401,300193,佳士科技,11.17,20250408,8.77,-21.5%,7
20250401,603312,西典新能,38.73,20250408,34.40,-11.2%,7
20250402,001389,广合科技,54.36,20250408,40.72,-25.1%,6
20250402,603565,中谷物流,8.76,20250408,8.46,-3.4%,6
20250403,601579,会稽山,11.22,20250411,12.08,7.7%,8
20250411,603500,祥和实业,7.24,20250623,8.38,15.8%,73
20250411,002626,金达威,14.09,20250514,16.01,13.6%,33
20250414,600550,保变电气,8.38,20250416,7.95,-5.1%,2
20250414,001337,四川黄金,24.58,20250424,25.09,2.1%,10
20250415,002487,大金重工,25.54,20250806,31.23,22.3%,113
20250416,002121,科陆电子,4.48,20250603,4.91,9.6%,48
20250416,603456,九洲药业,13.26,20250417,12.74,-3.9%,1
20250418,688508,芯朋微,58.30,20250424,54.82,-6.0%,6
20250421,301566,达利凯普,16.88,20250422,16.04,-5.0%,1
20250422,688291,金橙子,21.54,20250616,32.33,50.1%,55
20250422,300690,双一科技,21.15,20250611,22.31,5.5%,50
20250422,300279,和晶科技,6.18,20250603,6.44,4.2%,42
20250423,301258,富士莱,27.62,20250521,30.78,11.4%,28
20250423,688410,山外山,13.11,20250508,12.47,-4.9%,15
20250423,300368,汇金股份,5.46,20250605,10.36,89.7%,43
20250423,600866,星湖科技,7.51,20250507,7.08,-5.7%,14
20250423,600105,永鼎股份,6.10,20260112,31.52,416.6%,264
20250423,600668,尖峰集团,9.92,20250616,11.56,16.6%,54
20250424,002983,芯瑞达,17.99,20250722,20.34,13.1%,89
20250424,603205,健尔康,30.75,20250506,29.88,-2.8%,12
20250424,301318,维海德,30.23,20250722,32.64,8.0%,89
20250424,300502,新易盛,45.45,20250828,252.82,456.3%,126
20250424,301061,匠心家居,39.46,20251009,67.82,71.9%,168
20250425,301509,金凯生科,31.20,20250508,34.05,9.1%,13
20250425,688112,鼎阳科技,34.09,20250618,33.16,-2.7%,54
20250425,300824,北鼎股份,10.21,20250618,12.00,17.5%,54
20250425,301022,海泰科,27.35,20250529,27.96,2.2%,34
20250425,300569,天能重工,4.93,20250701,5.59,13.4%,67
20250428,301103,何氏眼科,19.99,20250612,22.48,12.5%,45
20250428,301603,乔锋智能,49.35,20250529,50.97,3.3%,31
20250428,300528,幸福蓝海,8.88,20250618,10.08,13.5%,51
20250428,601566,九牧王,8.50,20250506,8.13,-4.4%,8
20250428,600771,广誉远,19.00,20250611,21.15,11.3%,44
20250428,603087,甘李药业,47.65,20250618,53.44,12.2%,51
20250428,603605,珀莱雅,84.32,20250521,94.04,11.5%,23
20250428,002386,天原股份,4.60,20250828,5.08,10.4%,122
20250428,002996,顺博合金,6.54,20250616,7.20,10.1%,49
20250429,688113,联测科技,31.39,20250905,39.15,24.7%,129
20250429,600578,京能电力,4.10,20250710,4.61,12.4%,72
20250429,603113,金能科技,5.63,20250616,6.32,12.3%,48
20250429,002530,金财互联,9.97,20250521,10.50,5.3%,22
20250429,002780,三夫户外,11.47,20250616,12.69,10.6%,48
20250429,600589,大位科技,7.10,20250529,7.30,2.8%,30
20250429,300484,蓝海华腾,19.42,20250529,19.94,2.7%,30
20250429,300945,曼卡龙,13.90,20250604,29.06,109.1%,36
20250429,688328,深科达,16.84,20250905,24.98,48.3%,129
20250430,301230,泓博医药,29.84,20250605,32.52,9.0%,36
20250430,605599,菜百股份,11.95,20250508,12.32,3.1%,8
20250430,603816,顾家家居,23.74,20251212,29.53,24.4%,226
20250430,002345,潮宏基,9.51,20250507,9.20,-3.3%,7
20250430,002382,蓝帆医疗,5.00,20250818,6.13,22.6%,110
20250430,002009,天奇股份,14.55,20250529,15.13,4.0%,29
20250430,003037,三和管桩,6.76,20250730,8.98,32.8%,91
20250430,603313,梦百合,7.67,20250611,8.57,11.7%,42
20250430,300571,平治信息,31.52,20250508,33.09,5.0%,8
20250430,603680,今创集团,8.84,20250604,9.93,12.3%,35
20250430,300973,立高食品,41.10,20250616,48.42,17.8%,47
20250430,300573,兴齐眼药,38.46,20250512,37.03,-3.7%,12
20250430,301372,科净源,18.09,20250922,24.92,37.8%,145
20250430,301526,国际复材,3.71,20250618,3.60,-3.0%,49
20250430,688147,微导纳米,30.98,20250514,30.22,-2.5%,14
20250430,688128,中国电研,22.80,20250529,23.77,4.3%,29
20250430,601003,柳钢股份,3.14,20250815,5.81,85.0%,107
20250506,600986,浙文互联,8.33,20250618,7.91,-5.0%,43
20250506,600337,ST美克,1.93,20250605,2.15,11.4%,30
20250506,002201,九鼎新材,6.51,20250529,6.30,-3.2%,23
20250506,002933,新兴装备,34.72,20250529,33.22,-4.3%,23
20250506,603900,莱绅通灵,6.86,20250717,9.79,42.7%,72
20250506,002034,旺能环境,17.60,20250605,17.00,-3.4%,30
20250506,001316,润贝航科,19.81,20250513,22.37,12.9%,7
20250506,600463,空港股份,9.42,20250529,10.18,8.1%,23
20250506,002491,通鼎互联,4.71,20250623,5.37,14.0%,48
20250506,603123,翠微股份,8.27,20250730,12.90,56.0%,85
20250506,600743,华远控股,1.93,20250512,1.85,-4.2%,6
20250506,603839,安正时尚,5.64,20250606,7.08,25.5%,31
20250506,688499,利元亨,26.95,20251218,53.82,99.7%,226
20250506,688588,凌志软件,13.87,20250519,13.28,-4.3%,13
20250506,688667,菱电电控,54.90,20250611,53.05,-3.4%,36
20250506,603922,ST金鸿顺,19.89,20250507,18.70,-6.0%,1
20250507,600392,盛和资源,11.81,20250519,12.07,2.2%,12
20250507,688595,芯海科技,43.00,20250513,41.25,-4.1%,6
20250731,301235,华康洁净,32.14,20250806,30.21,-6.0%,6
20250731,605507,国邦医药,16.59,20250822,16.09,-3.1%,22
20250807,603508,思维列控,31.36,20250828,30.28,-3.4%,21
20250808,002353,杰瑞股份,44.36,20251015,52.17,17.6%,68
20250813,300453,三鑫医疗,10.19,20250828,9.40,-7.8%,15
20250814,002938,鹏鼎控股,54.02,20250821,49.09,-9.1%,7
20250815,688302,海创药业,64.70,20250821,61.39,-5.1%,6
20250819,688045,必易微,43.05,20250905,43.18,0.3%,17
20250819,688301,奕瑞科技,75.33,20250905,81.31,7.9%,17
20250820,300631,久吾高科,35.79,20250901,33.91,-5.3%,12
20250820,603083,剑桥科技,64.13,20250905,80.48,25.5%,16
20250821,300893,松原安全,22.88,20250910,20.44,-10.7%,20
20250821,002004,华邦健康,4.65,20250922,4.29,-7.8%,32
20250821,600660,福耀玻璃,60.51,20251015,65.37,8.0%,55
20250821,603909,建发合诚,10.73,20251110,11.58,7.9%,81
20250822,603008,ST喜临门,17.82,20251103,16.58,-7.0%,73
20250825,300113,顺网科技,27.75,20250901,26.18,-5.7%,7
20250825,688063,派能科技,52.00,20251020,63.38,21.9%,56
20250826,000682,东方电子,11.97,20250908,11.14,-6.9%,13
20250826,002057,中钢天源,11.62,20250910,10.83,-6.8%,15
20250826,603379,三美股份,59.06,20250910,54.84,-7.2%,15
20250826,003013,地铁设计,15.79,20251009,14.76,-6.5%,44
20250826,002091,江苏国泰,7.91,20251020,8.02,1.4%,55
20250826,603111,康尼机电,7.18,20250922,7.58,5.6%,27
20250826,603669,灵康药业,6.35,20250910,5.81,-8.5%,15
20250826,300003,乐普医疗,20.37,20250828,18.90,-7.2%,2
20250827,301603,乔锋智能,72.70,20250924,77.94,7.2%,28
20250827,002593,日上集团,5.59,20250924,5.15,-7.9%,28
20250827,002690,美亚光电,19.30,20260127,20.19,4.6%,153
20250827,002410,广联达,15.21,20250905,13.70,-9.9%,9
20250827,603987,康德莱,9.46,20250922,8.80,-7.0%,26
20250827,600704,物产中大,6.20,20250829,5.79,-6.6%,2
20250827,300971,博亚精工,26.66,20250829,24.40,-8.5%,2
20250828,300496,中科创达,75.22,20251015,70.57,-6.2%,48
20250828,300770,新媒股份,43.79,20251119,41.65,-4.9%,83
20250828,003012,东鹏控股,6.86,20251020,7.33,6.9%,53
20250828,002950,奥美医疗,10.27,20250917,9.73,-5.3%,20
20250828,601512,中新集团,8.91,20250922,9.21,3.4%,25
20250829,001222,源飞宠物,24.61,20250910,26.44,7.4%,12
20250829,601877,正泰电器,27.46,20251015,29.61,7.8%,47
20250829,600210,紫江企业,6.99,20250916,7.53,7.7%,18
20250901,301177,迪阿股份,34.62,20251015,32.41,-6.4%,44
20250901,002530,金财互联,11.96,20251015,11.14,-6.9%,44
20250901,603583,捷昌驱动,42.55,20251015,38.48,-9.6%,44
20250901,600928,西安银行,4.16,20250930,3.89,-6.5%,29
20250901,688286,敏芯股份,95.89,20251015,95.78,-0.1%,44
20250901,688201,ST信安,15.00,20251020,13.72,-8.5%,49
20250901,300111,向日葵,4.52,20250924,8.57,89.6%,23
20250901,301257,普蕊斯,43.47,20250922,49.03,12.8%,21
20250901,688131,皓元医药,67.38,20251015,77.12,14.5%,44
20250902,002266,浙富控股,3.93,20251020,4.15,5.6%,48
20250902,603115,海星股份,21.50,20250905,19.56,-9.0%,3
20250902,002074,国轩高科,41.30,20251015,41.88,1.4%,43
20250902,603004,鼎龙科技,24.24,20251020,22.69,-6.4%,48
20250902,002654,万润科技,13.75,20251015,14.41,4.8%,43
20250902,603289,泰瑞机器,10.85,20251113,10.26,-5.4%,72
20250902,301193,家联科技,24.97,20250905,22.74,-8.9%,3
20250902,601116,三江购物,11.85,20250917,15.26,28.8%,15
20250902,600489,中金黄金,18.07,20251103,21.83,20.8%,62
20251021,002829,星网宇达,25.62,20251113,28.00,9.3%,23
20251022,002380,科远智慧,30.03,20251110,28.25,-5.9%,19
20251022,688148,芳源股份,7.70,20251024,7.12,-7.5%,2
20251023,002546,新联电子,6.66,20251113,7.29,9.5%,21
20251023,002137,实益达,8.90,20260324,8.21,-7.8%,152
20251027,688600,皖仪科技,24.61,20251113,23.29,-5.4%,17
20251027,300508,维宏股份,31.83,20251217,32.81,3.1%,51
20251027,300445,康斯特,20.07,20251222,24.19,20.5%,56
20251027,301616,浙江华业,54.98,20251119,50.69,-7.8%,23
20251027,603160,汇顶科技,84.34,20251217,77.36,-8.3%,51
20251027,003030,祖名股份,21.32,20251212,19.57,-8.2%,46
20251027,688636,智明达,36.56,20251119,33.35,-8.8%,23
20251028,300655,晶瑞电材,15.95,20251119,14.91,-6.5%,22
20251028,002478,常宝股份,6.40,20251119,7.31,14.2%,22
20251028,603699,纽威股份,50.55,20260203,58.21,15.2%,98
20251028,600549,厦门钨业,34.60,20251225,39.82,15.1%,58
20251028,002595,豪迈科技,44.14,20260327,56.64,28.3%,150
20251028,603787,新日股份,13.85,20251217,12.64,-8.7%,50
20251028,001258,立新能源,8.07,20251205,7.43,-7.9%,38
20251028,000543,皖能电力,8.74,20251113,8.23,-5.8%,16
20251028,301283,聚胶股份,32.62,20251105,30.35,-6.9%,8
20251028,301349,信德新材,31.71,20251119,40.01,26.2%,22
20251028,301606,绿联科技,67.27,20251113,60.80,-9.6%,16
20251028,300163,先锋新材,4.17,20251119,4.73,13.4%,22
20251028,002787,华源控股,10.71,20251124,9.99,-6.7%,27
20251029,300619,金银河,44.80,20251125,41.29,-7.8%,27
20251029,603556,海兴电力,32.88,20251119,35.20,7.1%,21
20251029,605208,永茂泰,16.08,20251105,14.86,-7.6%,7
20251029,688312,燕麦科技,32.92,20251110,30.81,-6.4%,12
20251029,002593,日上集团,5.74,20251119,6.07,5.8%,21
20251029,000421,南京公用,7.44,20251212,6.76,-9.1%,44
20251029,300206,理邦仪器,13.49,20251212,12.48,-7.5%,44
20251029,300358,楚天科技,11.23,20251119,9.68,-13.8%,21
20251030,002452,长高电气,8.27,20260324,10.60,28.2%,145
20251030,300964,本川智能,37.92,20251113,39.85,5.1%,14
20251030,001319,铭科精技,27.02,20251212,24.81,-8.2%,43
20251030,002016,世荣兆业,6.63,20251212,6.04,-8.9%,43
20251030,301333,诺思格,63.15,20251119,58.38,-7.6%,20
20251030,688410,山外山,16.50,20251125,15.20,-7.9%,26
20251030,603739,蔚蓝生物,15.01,20251229,13.96,-7.0%,60
20251031,605305,中际联合,44.15,20251119,40.95,-7.3%,19
20251031,002430,杭氧股份,29.10,20251103,27.02,-7.2%,3
20251031,600100,同方股份,8.56,20260121,9.27,8.3%,82
20251031,002950,奥美医疗,10.90,20251119,11.66,7.0%,19
20251031,600292,电投水电,13.67,20251113,14.16,3.6%,13
20251031,603282,亚光股份,20.37,20251212,18.54,-9.0%,42
20251031,002975,博杰股份,53.83,20251119,56.01,4.1%,19
20251031,002314,南山控股,3.23,20251212,2.91,-9.9%,42
20251031,002612,朗姿股份,17.70,20251124,19.35,9.3%,24
20251031,601872,招商轮船,9.30,20251105,8.39,-9.8%,5
20251031,300207,欣旺达,36.49,20251110,33.88,-7.2%,10
20251031,688160,步科股份,99.99,20251110,91.79,-8.2%,10
20251031,688095,福昕软件,88.42,20251106,100.90,14.1%,6
20251103,600326,西藏天路,12.75,20251119,11.44,-10.3%,16
20251103,600666,奥瑞德,3.60,20251212,3.31,-8.1%,39
20251103,603876,鼎胜新材,12.93,20251124,12.94,0.1%,21
20251103,603190,亚通精工,25.14,20260127,27.73,10.3%,85
20251103,001330,博纳影业,7.01,20251217,9.83,40.2%,44
20251103,603489,八方股份,27.82,20251113,29.99,7.8%,10
20251103,601019,山东出版,8.25,20260324,8.28,0.4%,141
20251103,603697,有友食品,13.17,20251124,11.84,-10.1%,21
20251103,600469,风神股份,6.80,20260109,6.46,-5.0%,67
20251103,002636,金安国纪,15.73,20251113,17.04,8.3%,10
20251103,600067,冠城新材,3.95,20251106,4.08,3.3%,3
20260327,001367,海森药业,23.83,20260507,23.32,-2.1%,41
20260330,300054,鼎龙股份,52.17,20260401,48.60,-6.8%,2
20260331,002532,天山铝业,17.73,20260430,16.39,-7.6%,30
20260331,000807,云铝股份,30.62,20260427,33.05,7.9%,27
20260401,600066,宇通客车,34.89,20260430,33.41,-4.2%,29
20260401,603039,泛微网络,36.81,20260603,39.81,8.1%,63
20260401,600894,广日股份,9.18,20260511,8.84,-3.7%,40
20260402,601579,会稽山,18.10,20260506,17.51,-3.3%,34
20260409,000551,创元科技,14.12,20260528,16.32,15.6%,49
20260409,601069,西部黄金,33.15,20260519,28.68,-13.5%,40
20260413,603889,新澳股份,6.65,20260506,6.21,-6.7%,23
20260413,605117,德业股份,98.43,20260602,111.10,12.9%,50
20260414,002439,启明星辰,14.50,20260522,15.30,5.5%,38
20260421,000404,长虹华意,7.48,20260429,7.97,6.6%,8
20260421,003006,百亚股份,18.44,20260511,17.36,-5.9%,20
20260421,603332,苏州龙杰,14.27,20260522,13.32,-6.7%,31
20260421,603699,纽威股份,58.00,20260508,63.23,9.0%,17
20260421,600872,中炬高新,21.60,20260519,20.00,-7.4%,28
20260421,603025,大豪科技,16.60,20260603,15.52,-6.5%,43
20260422,000690,宝新能源,5.05,20260602,5.89,16.6%,41
20260422,603788,宁波高发,16.87,20260511,16.17,-4.2%,19
20260422,300801,泰和科技,31.24,20260525,29.13,-6.8%,33
20260423,601061,中信金属,14.78,20260430,13.86,-6.2%,7
20260423,603606,东方电缆,55.53,20260430,51.34,-7.6%,7
20260423,002588,史丹利,11.55,20260430,10.67,-7.6%,7
20260424,300590,移为通信,14.34,20260528,15.34,7.0%,34
20260424,002793,罗欣药业,5.60,20260519,4.68,-16.4%,25
20260424,601101,昊华能源,9.30,20260507,10.69,15.0%,13
20260424,003022,联泓新科,24.85,20260609,23.98,-3.5%,46
20260424,001314,亿道信息,49.19,20260603,57.42,16.7%,40
20260424,603390,通达电气,13.63,20260602,12.61,-7.5%,39
20260424,300106,西部牧业,10.61,20260609,12.40,16.9%,46
20260424,300895,铜牛信息,67.33,20260429,63.12,-6.3%,5
20260424,300061,旗天科技,9.97,20260602,9.02,-9.5%,39
20260424,603198,迎驾贡酒,37.50,20260513,33.91,-9.6%,19
20260427,603066,音飞储存,11.26,20260609,10.47,-7.0%,43
20260427,300575,中旗股份,6.69,20260528,6.23,-6.9%,31
20260427,600499,科达制造,19.91,20260507,18.74,-5.9%,10
20260427,603967,中创物流,14.08,20260429,13.20,-6.3%,2
20260427,300434,金石亚药,11.79,20260513,11.24,-4.7%,16
20260427,300422,博世科,5.57,20260609,5.08,-8.8%,43
20260428,688184,ST帕瓦,12.62,20260513,13.79,9.3%,15
20260428,002154,报,喜,鸟,3.77,20260528%,4.04
20260428,603125,常青科技,22.18,20260528,25.21,13.7%,30
20260428,002902,铭普光磁,29.65,20260522,35.95,21.3%,24
20260428,001332,锡装股份,44.60,20260609,43.16,-3.2%,42
20260428,002120,韵达股份,8.01,20260513,7.50,-6.4%,15
20260428,000565,渝三峡Ａ,8.14,20260525,7.50,-7.9%,27
20260428,603579,荣泰健康,21.83,20260522,20.60,-5.6%,24
20260428,605138,盛泰集团,7.38,20260528,6.95,-5.8%,30
20260428,300591,万里马,7.79,20260612,7.08,-9.1%,45
20260428,301500,飞南资源,31.51,20260429,29.55,-6.2%,1
20260428,300582,英飞特,15.70,20260522,16.65,6.1%,24
20260428,688221,前沿生物,22.80,20260429,21.10,-7.5%,1
20260429,601789,宁波建工,5.99,20260525,5.52,-7.9%,26
20260429,301012,扬电科技,36.86,20260525,37.88,2.8%,26
20260429,002923,润都股份,13.52,20260513,12.70,-6.1%,14
20260429,603338,浙江鼎力,56.75,20260519,52.74,-7.1%,20
20260429,001298,好上好,22.94,20260609,20.48,-10.7%,41
20260429,603317,天味食品,15.35,20260603,14.12,-8.0%,35
20260429,601177,杭齿前进,16.22,20260603,15.86,-2.2%,35
20260429,002575,群兴玩具,6.63,20260519,6.98,5.3%,20
20260429,300596,利安隆,44.20,20260609,37.21,-15.8%,41
20260429,300187,永清环保,6.00,20260430,5.59,-6.8%,1
20260429,603283,赛腾股份,40.49,20260602,48.21,19.1%,34
20260430,603013,亚普股份,20.25,20260603,18.85,-6.9%,34
20260430,600606,绿地控股,1.47,20260602,1.48,0.7%,33
20260430,002079,苏州固锝,11.88,20260602,12.05,1.4%,33
20260430,000551,创元科技,15.92,20260602,15.45,-3.0%,33
20260430,000567,海德股份,6.26,20260609,5.51,-12.0%,40
20260430,002818,富森美,12.10,20260513,11.47,-5.2%,13
20260430,603803,瑞斯康达,15.20,20260519,15.87,4.4%,19
20260430,000818,航锦科技,16.00,20260519,16.51,3.2%,19
20260430,605099,共创草坪,44.07,20260519,44.11,0.1%,19
20260430,600111,北方稀土,51.75,20260602,48.44,-6.4%,33
20260430,603508,思维列控,25.66,20260525,23.76,-7.4%,25
20260430,002832,比音勒芬,19.36,20260624,20.76,7.2%,55
20260430,601233,桐昆股份,22.81,20260513,21.50,-5.7%,13
20260430,002111,威海广泰,10.70,20260609,9.59,-10.4%,40
20260430,002867,周大生,13.54,20260513,12.95,-4.4%,13
20260430,002174,游族网络,10.17,20260525,11.94,17.4%,25
20260430,002786,银宝山新,7.88,20260602,8.15,3.4%,33
20260430,000980,众泰汽车,2.32,20260602,2.63,13.4%,33
20260430,301060,兰卫医学,10.34,20260602,9.20,-11.0%,33
20260430,300745,欣锐科技,34.80,20260602,43.50,25.0%,33
20260430,002847,盐津铺子,60.00,20260506,56.50,-5.8%,6
20260506,688159,有方科技,47.76,20260522,55.57,16.4%,16
20260506,601086,国芳集团,8.81,20260522,8.01,-9.1%,16
20260506,002645,华宏科技,21.58,20260519,22.73,5.3%,13
20260506,603119,浙江荣泰,63.48,20260528,69.97,10.2%,22
20260506,002591,恒大高新,8.27,20260609,7.41,-10.4%,34
20260506,603190,亚通精工,28.86,20260528,26.66,-7.6%,22
20260506,600158,中体产业,11.85,20260519,11.92,0.6%,13
20260506,000783,长江证券,7.81,20260609,7.08,-9.4%,34
20260506,002763,汇洁股份,8.85,20260507,8.36,-5.5%,1
20260506,600540,新赛股份,5.59,20260522,5.05,-9.7%,16
20260506,000790,华神科技,4.57,20260525,4.29,-6.1%,19
